{
    "height": 373,
    "map_load_time": {
        "nanosec": 53127776,
        "sec": 1717589146
    },
    "origin": {
        "orientation": {
            "w": 1,
            "x": 0,
            "y": 0,
            "z": 0
        },
        "position": {
            "x": -9.6096923828125,
            "y": -8.197599029541015,
            "z": 0
        }
    },
    "resolution": 0.05000000074505806,
    "width": 438
}